"Qty";"Value";"Device";"Package";"Parts";"Description";"MF";"MPN";"OC_FARNELL";"OC_NEWARK";"POPULARITY";"SPICEPREFIX";
"1";"";"C-EUC0805";"C0805";"C1";"CAPACITOR, European symbol";"";"";"";"";"88";"C";
"1";"";"LEDCHIPLED_0603";"CHIPLED_0603";"LED1";"LED";"";"";"";"";"28";"";
"1";"";"PINHD-1X3";"1X03";"JP1";"PIN HEADER";"";"";"";"";"";"";
"1";"";"RESISTORR0805-3D";"R0805";"R1";"Generic SMD Resistors";"";"";"";"";"";"";
"1";"A1202LH";"A1202LH";"SOT23-W";"IC1";"Hall-effect bipolar switch";"";"";"unknown";"unknown";"0";"";
"1";"BAS40";"BAS40";"SOT23";"D1";"Silicon Schottky Diodes";"";"";"";"";"0";"";
"1";"MOUNT-PAD-ROUND2.8";"MOUNT-PAD-ROUND2.8";"2,8-PAD";"H1";"MOUNTING PAD, round";"";"";"";"";"6";"";
