"Qty";"Value";"Device";"Package";"Parts";"Description";"FARNELL";"MANUFACTURER";"MF";"MPN";"OC_FARNELL";"OC_NEWARK";"PARTNUMBER";"SPICEPREFIX";"VOLTAGE";
"1";"";"EG1218S";"EG1218";"S1";"SLIDING SWITCH";"";"";"";"";"";"";"";"";"";
"3";"";"PINHD-1X3";"1X03";"JP1, JP3, JP4";"PIN HEADER";"";"";"";"";"";"";"";"";"";
"1";"";"PINHD-2X5";"2X05";"JP2";"PIN HEADER";"";"";"";"";"";"";"";"";"";
"1";"";"SCHOTTKY-DIODESMD";"SMB";"D2";"Schottky Diode";"";"";"";"";"";"";"";"";"";
"1";"";"TRANSZORB";"SMB";"Z1";"";"";"";"";"";"";"";"";"";"15V";
"3";"0.1uF";"CAPACITOR-0805";"0805";"C3, C4, C7";"Generic SMD Non polarised Capacitor";"";"";"";"";"";"";"";"";"";
"2";"10K";"R-EU_R0805";"R0805";"R2, R5";"RESISTOR, European symbol";"";"";"";"";"";"";"";"";"";
"2";"10uF";"CAPACITOR-0805";"0805";"C5, C6";"Generic SMD Non polarised Capacitor";"";"";"";"";"";"";"";"";"";
"1";"1751248";"1751248";"1751248";"X2";"MKDS 1/ 2-3,5 Printklemme";"";"";"";"";"unknown";"unknown";"";"";"";
"2";"1751264";"1751264";"1751264";"X3, X4";"MKDS 1/ 4-3,5 Printklemme";"";"";"";"1751264";"unknown";"10R0934";"";"";"";
"1";"1K";"R-EU_R0805";"R0805";"R1";"RESISTOR, European symbol";"";"";"";"";"";"";"";"";"";
"1";"220uF";"CPOL-EUE7.5-16";"E7,5-16";"C2";"POLARIZED CAPACITOR, European symbol";"";"";"";"";"";"";"";"C";"";
"1";"270pF";"CAPACITOR-0805";"0805";"C1";"Generic SMD Non polarised Capacitor";"";"";"";"";"";"";"";"";"";
"1";"470R";"R-EU_R0805";"R0805";"R4";"RESISTOR, European symbol";"";"";"";"";"";"";"";"";"";
"1";"4K7";"R-EU_R0805";"R0805";"R3";"RESISTOR, European symbol";"";"";"";"";"";"";"";"";"";
"1";"6N137";"6N137";"DIL08";"OK1";"MOTOROLA OPTO COUPLER";"";"";"";"6N137";"1328376";"52M1895";"";"";"";
"1";"7805TV";"7805TV";"TO220V";"IC2";"Positive VOLTAGE REGULATOR";"";"";"";"";"";"";"";"";"";
"1";"7812TV";"7812TV";"TO220V";"IC1";"Positive VOLTAGE REGULATOR";"";"";"";"";"";"";"";"";"";
"1";"A4988";"A4988";"POLOLUA4988";"U2";"Pololu A4988 Stepper Module";"";"";"";"";"";"";"";"";"";
"1";"ARDUINO-NANO-3.0";"ARDUINO-NANO-3.0";"ARDUINO-NANO-3.0";"M1";"Arduino Nano 3.0 and compatible devices";"";"";"";"";"";"";"";"";"";
"1";"CGRM4002-G";"CGRM4002-G";"SOD-123_MINI-SMA";"D1";"Molded plasitc,JEDEC SOD-123/Mini SMA";"";"";"";"";"";"";"";"";"";
"1";"Green";"LED3MM";"LED3MM";"LED1";"LED";"";"";"";"";"";"";"";"";"";
"1";"MKDSN1,5/4-5,08";"MKDSN1,5/4-5,08";"MKDSN1,5/4-5,08";"X1";"MKDSN 1,5/ 4-5,08 Printklemme";"";"";"";"SMKDSN1,5/4-5,08";"1792905";"70R0300";"";"";"";
"4";"MOUNT-PAD-ROUND3.0";"MOUNT-PAD-ROUND3.0";"3,0-PAD";"H1, H2, H3, H4";"MOUNTING PAD, round";"";"";"";"";"";"";"";"";"";
"1";"OSHW_LOGO_6MILX0200-NT";"OSHW_LOGO_6MILX0200-NT";"OSHW_6X200_NOTEXT";"LOGO1";"";"";"";"";"";"";"";"";"";"";
