"Qty";"Value";"Device";"Package";"Parts";"Description";"FARNELL";"MANUFACTURER";"MF";"MPN";"OC_FARNELL";"OC_NEWARK";"PARTNUMBER";"SPICEPREFIX";"VOLTAGE";
"1";"";"EG1218S";"EG1218";"S1";"SLIDING SWITCH";"";"";"";"";"";"";"";"";"";
"3";"";"PINHD-1X3";"1X03";"JP1, JP2, JP3";"PIN HEADER";"";"";"";"";"";"";"";"";"";
"1";"";"PINHD-2X5";"2X05";"JP4";"PIN HEADER";"";"";"";"";"";"";"";"";"";
"1";"";"SCHOTTKY-DIODESMD";"SMB";"D2";"Schottky Diode";"";"";"";"";"";"";"";"";"";
"3";"0.1uF";"CAPACITOR-0805";"0805";"C3, C5, C6";"Generic SMD Non polarised Capacitor";"";"";"";"";"";"";"";"";"";
"3";"100K";"RESISTORR0805-3D";"R0805";"R5, R9, R11";"Generic SMD Resistors";"";"";"";"";"";"";"";"";"";
"5";"10K";"RESISTORR0805-3D";"R0805";"R2, R4, R6, R8, R10";"Generic SMD Resistors";"";"";"";"";"";"";"";"";"";
"2";"10uF";"CAPACITOR-0805";"0805";"C4, C7";"Generic SMD Non polarised Capacitor";"";"";"";"";"";"";"";"";"";
"1";"1751248";"1751248";"1751248";"X2";"MKDS 1/ 2-3,5 Printklemme";"";"";"";"";"unknown";"unknown";"";"";"";
"2";"1751264";"1751264";"1751264";"X3, X4";"MKDS 1/ 4-3,5 Printklemme";"";"";"";"1751264";"unknown";"10R0934";"";"";"";
"1";"1K";"RESISTORR0805-3D";"R0805";"R1";"Generic SMD Resistors";"";"";"";"";"";"";"";"";"";
"1";"220uF";"CPOL-EUE7.5-16";"E7,5-16";"C2";"POLARIZED CAPACITOR, European symbol";"";"";"";"";"";"";"";"C";"";
"1";"270pF";"CAPACITOR-0805";"0805";"C1";"Generic SMD Non polarised Capacitor";"";"";"";"";"";"";"";"";"";
"2";"470R";"RESISTORR0805-3D";"R0805";"R7, R12";"Generic SMD Resistors";"";"";"";"";"";"";"";"";"";
"1";"4K7";"RESISTORR0805-3D";"R0805";"R3";"Generic SMD Resistors";"";"";"";"";"";"";"";"";"";
"1";"6N137";"6N137";"DIL08";"OK1";"MOTOROLA OPTO COUPLER";"";"";"";"6N137";"1328376";"52M1895";"";"";"";
"1";"7805TV";"7805TV";"TO220V";"IC2";"Positive VOLTAGE REGULATOR";"";"";"";"";"";"";"";"";"";
"1";"7812TV";"7812TV";"TO220V";"IC1";"Positive VOLTAGE REGULATOR";"";"";"";"";"";"";"";"";"";
"1";"A4988";"A4988";"POLOLUA4988";"U1";"Pololu A4988 Stepper Module";"";"";"";"";"";"";"";"";"";
"1";"ARDUINO-NANO-3.0";"ARDUINO-NANO-3.0";"ARDUINO-NANO-3.0";"M1";"Arduino Nano 3.0 and compatible devices";"";"";"";"";"";"";"";"";"";
"3";"BSS123";"BSS123";"SOT23";"Q1, Q2, Q3";"N-CHANNEL MOS FET";"";"";"";"";"";"";"";"";"";
"1";"CGRM4002-G";"CGRM4002-G";"SOD-123_MINI-SMA";"D1";"Molded plasitc,JEDEC SOD-123/Mini SMA";"";"";"";"";"";"";"";"";"";
"2";"Green";"LED3MM";"LED3MM";"PWR, STATUS";"LED";"";"";"";"";"";"";"";"";"";
"1";"MKDSN1,5/4-5,08";"MKDSN1,5/4-5,08";"MKDSN1,5/4-5,08";"X1";"MKDSN 1,5/ 4-5,08 Printklemme";"";"";"";"SMKDSN1,5/4-5,08";"1792905";"70R0300";"";"";"";
"4";"MOUNT-PAD-ROUND3.0";"MOUNT-PAD-ROUND3.0";"3,0-PAD";"H1, H2, H3, H4";"MOUNTING PAD, round";"";"";"";"";"";"";"";"";"";
"4";"MSMPX.X";"MSMPX.X";"MICROSMP-T";"Z1, Z2, Z3, Z4";"Vishayt MicroSMP transzorb";"";"VISHAY";"";"";"";"";"";"";"";
"1";"OSHW_LOGO_6MILX0200-NT";"OSHW_LOGO_6MILX0200-NT";"OSHW_6X200_NOTEXT";"LOGO1";"";"";"";"";"";"";"";"";"";"";
